{
  "dataset_path": "D:\\Code_stuff\\email_stuff\\datasets_processed\\url_training.csv",
  "rows": 596576,
  "unique_urls": 596576,
  "duplicate_urls": 0,
  "label_distribution": {
    "0": 298288,
    "1": 298288
  },
  "missing_feature_columns": [],
  "missing_values": {
    "url": 0,
    "url_length": 0,
    "host_length": 0,
    "path_length": 0,
    "query_length": 0,
    "subdomain_count": 0,
    "dot_count": 0,
    "digit_count": 0,
    "digit_ratio": 0,
    "special_char_count": 0,
    "slash_count": 0,
    "hyphen_count": 0,
    "at_count": 0,
    "question_count": 0,
    "ampersand_count": 0,
    "percent_count": 0,
    "equals_count": 0,
    "path_depth": 0,
    "suspicious_token_count": 0,
    "host_entropy": 0,
    "url_entropy": 0,
    "is_https": 0,
    "has_ip_host": 0,
    "has_port": 0,
    "punycode_flag": 0,
    "tld_length": 0,
    "label": 0
  },
  "numeric_feature_summary": {
    "url_length": {
      "mean": 48.04927620286435,
      "std": 42.30217042471565,
      "p50": 33.0,
      "p95": 124.0,
      "p99": 200.0
    },
    "host_length": {
      "mean": 16.760199873947325,
      "std": 8.46644393458086,
      "p50": 15.0,
      "p95": 29.0,
      "p99": 43.0
    },
    "path_length": {
      "mean": 14.733088491659068,
      "std": 23.594119228909076,
      "p50": 6.0,
      "p95": 63.0,
      "p99": 108.0
    },
    "query_length": {
      "mean": 8.865406922169178,
      "std": 31.088267485069974,
      "p50": 0.0,
      "p95": 62.0,
      "p99": 140.0
    },
    "subdomain_count": {
      "mean": 0.4852810035938422,
      "std": 0.7958771023558365,
      "p50": 0.0,
      "p95": 2.0,
      "p99": 3.0
    },
    "dot_count": {
      "mean": 1.9797762565037815,
      "std": 1.2434040872675696,
      "p50": 2.0,
      "p95": 4.0,
      "p99": 6.0
    },
    "digit_count": {
      "mean": 3.758728141929947,
      "std": 9.100613490840935,
      "p50": 0.0,
      "p95": 17.0,
      "p99": 36.0
    },
    "digit_ratio": {
      "mean": 0.058008043572658805,
      "std": 0.11356504845605983,
      "p50": 0.0,
      "p95": 0.3464180947969739,
      "p99": 0.5185185185185185
    },
    "special_char_count": {
      "mean": 8.815342890092797,
      "std": 5.9201041583354455,
      "p50": 7.0,
      "p95": 20.0,
      "p99": 29.0
    },
    "slash_count": {
      "mean": 3.633741551788875,
      "std": 1.3072927092129614,
      "p50": 3.0,
      "p95": 7.0,
      "p99": 9.0
    },
    "hyphen_count": {
      "mean": 0.7268847556723703,
      "std": 1.860694413363352,
      "p50": 0.0,
      "p95": 4.0,
      "p99": 10.0
    },
    "at_count": {
      "mean": 0.0016410314863487636,
      "std": 0.045909553444493975,
      "p50": 0.0,
      "p95": 0.0,
      "p99": 0.0
    },
    "question_count": {
      "mean": 0.14763416563857748,
      "std": 0.3650629486525176,
      "p50": 0.0,
      "p95": 1.0,
      "p99": 1.0
    },
    "ampersand_count": {
      "mean": 0.34156754545942175,
      "std": 1.156867365917293,
      "p50": 0.0,
      "p95": 3.0,
      "p99": 5.0
    },
    "percent_count": {
      "mean": 0.1281244971302902,
      "std": 2.0616548234082988,
      "p50": 0.0,
      "p95": 0.0,
      "p99": 2.0
    },
    "equals_count": {
      "mean": 0.4925256798798477,
      "std": 1.4494841679693462,
      "p50": 0.0,
      "p95": 4.0,
      "p99": 6.0
    },
    "path_depth": {
      "mean": 1.1372599635251837,
      "std": 1.5409309329137766,
      "p50": 1.0,
      "p95": 4.0,
      "p99": 6.0
    },
    "suspicious_token_count": {
      "mean": 0.0457326476425468,
      "std": 0.24927259108201585,
      "p50": 0.0,
      "p95": 0.0,
      "p99": 1.0
    },
    "host_entropy": {
      "mean": 3.291139155786387,
      "std": 0.4054223564251608,
      "p50": 3.3248629576173565,
      "p95": 3.893660689688186,
      "p99": 4.2007025735178845
    },
    "url_entropy": {
      "mean": 4.067726216404384,
      "std": 0.45700759320183226,
      "p50": 4.01506101220307,
      "p95": 4.818301859318726,
      "p99": 5.530418194223363
    },
    "is_https": {
      "mean": 0.3513433326181409,
      "std": 0.47739038245331183,
      "p50": 0.0,
      "p95": 1.0,
      "p99": 1.0
    },
    "has_ip_host": {
      "mean": 0.05576657458563536,
      "std": 0.22947059072912182,
      "p50": 0.0,
      "p95": 1.0,
      "p99": 1.0
    },
    "has_port": {
      "mean": 0.03420855012605267,
      "std": 0.18176462968446008,
      "p50": 0.0,
      "p95": 0.0,
      "p99": 1.0
    },
    "punycode_flag": {
      "mean": 0.0012353832537681704,
      "std": 0.035126331294616044,
      "p50": 0.0,
      "p95": 0.0,
      "p99": 0.0
    },
    "tld_length": {
      "mean": 2.549334870997157,
      "std": 0.8549262196307529,
      "p50": 3.0,
      "p95": 3.0,
      "p99": 4.0
    }
  }
}