name,threshold,selection_score,val_balanced_accuracy,val_macro_f1,val_pr_auc_malicious,val_pr_auc_benign,val_roc_auc
xgboost_weighted,0.06,0.7649921948395192,0.8536426222018099,0.6566416725078306,0.9991985775973032,0.5880126669947564,0.9655532918813119
hist_gradient_boosting,0.16999999999999998,0.8336539818988928,0.8564553244557507,0.8057856743293998,0.9995951808949934,0.7142453751201966,0.9823204734014682
random_forest_balanced,0.48499999999999993,0.8537435337590197,0.8741901756462167,0.8287531936746676,0.9996504643253306,0.7387314315483704,0.9846904938051778
logistic_balanced,0.19999999999999996,0.7058828780968438,0.6966990114091225,0.7171076040485032,0.9950940408311304,0.33586466520051844,0.8230008841720939
