{
  "dataset_path": "D:\\Code_stuff\\email_stuff\\datasets_processed\\url_training.csv",
  "rows": 596574,
  "unique_urls": 596574,
  "duplicate_urls": 0,
  "label_distribution": {
    "0": 298287,
    "1": 298287
  },
  "missing_feature_columns": [],
  "missing_values": {
    "url": 0,
    "url_length": 0,
    "host_length": 0,
    "path_length": 0,
    "query_length": 0,
    "subdomain_count": 0,
    "dot_count": 0,
    "digit_count": 0,
    "digit_ratio": 0,
    "special_char_count": 0,
    "slash_count": 0,
    "hyphen_count": 0,
    "at_count": 0,
    "question_count": 0,
    "ampersand_count": 0,
    "percent_count": 0,
    "equals_count": 0,
    "path_depth": 0,
    "suspicious_token_count": 0,
    "host_entropy": 0,
    "url_entropy": 0,
    "is_https": 0,
    "has_ip_host": 0,
    "has_port": 0,
    "punycode_flag": 0,
    "tld_length": 0,
    "label": 0
  },
  "numeric_feature_summary": {
    "url_length": {
      "mean": 47.77784985601116,
      "std": 42.29571963320553,
      "p50": 33.0,
      "p95": 124.0,
      "p99": 200.0
    },
    "host_length": {
      "mean": 16.74636172545233,
      "std": 8.453366227317305,
      "p50": 15.0,
      "p95": 29.0,
      "p99": 43.0
    },
    "path_length": {
      "mean": 14.710299141430903,
      "std": 23.518998548841196,
      "p50": 6.0,
      "p95": 63.0,
      "p99": 108.0
    },
    "query_length": {
      "mean": 8.856120112509094,
      "std": 31.11223301303457,
      "p50": 0.0,
      "p95": 62.0,
      "p99": 140.0
    },
    "subdomain_count": {
      "mean": 0.4841696084643313,
      "std": 0.790389034474388,
      "p50": 0.0,
      "p95": 2.0,
      "p99": 3.0
    },
    "dot_count": {
      "mean": 1.9771512000187739,
      "std": 1.2388943393413352,
      "p50": 2.0,
      "p95": 4.0,
      "p99": 6.0
    },
    "digit_count": {
      "mean": 3.7558307938327853,
      "std": 9.236853349610445,
      "p50": 0.0,
      "p95": 17.0,
      "p99": 36.0
    },
    "digit_ratio": {
      "mean": 0.05814843447738397,
      "std": 0.11373766690469853,
      "p50": 0.0,
      "p95": 0.3469387755102041,
      "p99": 0.5185185185185185
    },
    "special_char_count": {
      "mean": 8.808174677408,
      "std": 5.887365766345638,
      "p50": 7.0,
      "p95": 20.0,
      "p99": 29.0
    },
    "slash_count": {
      "mean": 3.6324345345254736,
      "std": 1.3039099955938207,
      "p50": 3.0,
      "p95": 7.0,
      "p99": 9.0
    },
    "hyphen_count": {
      "mean": 0.7277437501466708,
      "std": 1.8656504948025063,
      "p50": 0.0,
      "p95": 4.0,
      "p99": 10.0
    },
    "at_count": {
      "mean": 0.0016393607498818251,
      "std": 0.04356798771742278,
      "p50": 0.0,
      "p95": 0.0,
      "p99": 0.0
    },
    "question_count": {
      "mean": 0.14772350119180522,
      "std": 0.364643878516912,
      "p50": 0.0,
      "p95": 1.0,
      "p99": 1.0
    },
    "ampersand_count": {
      "mean": 0.3412569102910955,
      "std": 1.1578807864696952,
      "p50": 0.0,
      "p95": 3.0,
      "p99": 5.0
    },
    "percent_count": {
      "mean": 0.126294474784352,
      "std": 1.9906896374978509,
      "p50": 0.0,
      "p95": 0.0,
      "p99": 2.0
    },
    "equals_count": {
      "mean": 0.4921032428500069,
      "std": 1.4497199632206499,
      "p50": 0.0,
      "p95": 4.0,
      "p99": 6.0
    },
    "path_depth": {
      "mean": 1.1361105244278162,
      "std": 1.5395173513045006,
      "p50": 1.0,
      "p95": 4.0,
      "p99": 6.0
    },
    "suspicious_token_count": {
      "mean": 0.04541431574289191,
      "std": 0.24848942598174475,
      "p50": 0.0,
      "p95": 0.0,
      "p99": 1.0
    },
    "host_entropy": {
      "mean": 3.29044242738447,
      "std": 0.4054940088117268,
      "p50": 3.3248629576173565,
      "p95": 3.893660689688186,
      "p99": 4.2000021276616755
    },
    "url_entropy": {
      "mean": 4.0634462606443265,
      "std": 0.45807263247421176,
      "p50": 4.0062389286533895,
      "p95": 4.817477205320697,
      "p99": 5.52986253034121
    },
    "is_https": {
      "mean": 0.1256524756358809,
      "std": 0.3314575616287224,
      "p50": 0.0,
      "p95": 1.0,
      "p99": 1.0
    },
    "has_ip_host": {
      "mean": 0.055765085303751086,
      "std": 0.2294677075926946,
      "p50": 0.0,
      "p95": 1.0,
      "p99": 1.0
    },
    "has_port": {
      "mean": 0.03421201728536611,
      "std": 0.1817735144190006,
      "p50": 0.0,
      "p95": 0.0,
      "p99": 1.0
    },
    "punycode_flag": {
      "mean": 0.0012353873953608438,
      "std": 0.03512639010192663,
      "p50": 0.0,
      "p95": 0.0,
      "p99": 0.0
    },
    "tld_length": {
      "mean": 2.549088629407249,
      "std": 0.8561306288772415,
      "p50": 3.0,
      "p95": 3.0,
      "p99": 4.0
    }
  }
}