name,threshold,selection_score,val_balanced_accuracy,val_macro_f1,val_pr_auc_malicious,val_pr_auc_benign,val_roc_auc
xgboost_weighted,0.06,0.7753270123994641,0.821331187987516,0.719099686680734,0.9988139907710383,0.5449453170784577,0.9508391634104599
hist_gradient_boosting,0.19999999999999996,0.8359910030844395,0.8831898695735512,0.7783034995977474,0.9995528512052891,0.6938733902794373,0.9805636197059048
random_forest_balanced,0.4099999999999999,0.8496290447362991,0.9024077602868844,0.7851217257300279,0.9996833445297237,0.7324728609542862,0.9860341153563704
logistic_balanced,0.24999999999999994,0.714687757513896,0.706414605556087,0.7247993876845514,0.9955216866195187,0.31261204838013373,0.8339262143577701
