{
    "training_time_utc": "2026-04-03T13:10:56.209962",
    "test_n": 7500,
    "metrics": {
        "accuracy": 0.9854666666666667,
        "precision": 0.9321295143212951,
        "recall": 1.0,
        "f1_score": 0.9648727038349983,
        "roc_auc": 0.9970825653750724,
        "pr_auc": 0.9846075820780993,
        "brier_score": 0.050829264379906584
    },
    "best_iteration": 19,
    "features": [
        "contact_count",
        "days_since_last_contact",
        "is_internal_domain",
        "is_business_hours",
        "urgency_score",
        "link_count",
        "dept_risk_tier"
    ]
}