{
  "timestamp": "20260326_082453",
  "config": {
    "num_models": 10,
    "seed": 42,
    "holdout_ratio": 0.12,
    "model_type": "lightgbm",
    "has_lightgbm": true
  },
  "dataset": {
    "benign_dir": "/home/LabsKraft/new_work/datasets/attachments/malware/DikeDataset/files/benign",
    "malware_dir": "/home/LabsKraft/new_work/datasets/attachments/malware/DikeDataset/files/malware",
    "all_samples": 11923,
    "train_pool": 10492,
    "holdout": 1431,
    "train_class_distribution": {
      "1": 9540,
      "0": 952
    },
    "holdout_class_distribution": {
      "1": 1301,
      "0": 130
    }
  },
  "ensemble": {
    "threshold": 0.11,
    "holdout_metrics": {
      "accuracy": 0.983927323549965,
      "balanced_accuracy": 0.9600041388281204,
      "precision": 0.9930555555555556,
      "recall": 0.98923904688701,
      "f1": 0.9911436272622256,
      "roc_auc": 0.99434754330988,
      "pr_auc": 0.9994477011823286
    },
    "confusion_matrix": [
      [
        121,
        9
      ],
      [
        14,
        1287
      ]
    ],
    "n_models": 10
  },
  "per_model": [
    {
      "model_id": 0,
      "split_size": 1906,
      "split_benign": 952,
      "split_malware": 954,
      "train_size": 1620,
      "val_size": 286,
      "train_seconds": 0.8627481849999867,
      "val_best_threshold": 0.89,
      "val_metrics": {
        "accuracy": 0.986013986013986,
        "balanced_accuracy": 0.986013986013986,
        "precision": 1.0,
        "recall": 0.972027972027972,
        "f1": 0.9858156028368794,
        "roc_auc": 0.9876522079319282,
        "pr_auc": 0.9914719377676436
      },
      "holdout_metrics": {
        "accuracy": 0.960167714884696,
        "balanced_accuracy": 0.9746319399278662,
        "precision": 0.9991974317817014,
        "recall": 0.95695618754804,
        "f1": 0.9776207302709069,
        "roc_auc": 0.992629929639922,
        "pr_auc": 0.9992816733386636
      }
    },
    {
      "model_id": 1,
      "split_size": 1906,
      "split_benign": 952,
      "split_malware": 954,
      "train_size": 1620,
      "val_size": 286,
      "train_seconds": 0.21986292300005061,
      "val_best_threshold": 0.5,
      "val_metrics": {
        "accuracy": 0.9755244755244755,
        "balanced_accuracy": 0.9755244755244755,
        "precision": 0.9857142857142858,
        "recall": 0.965034965034965,
        "f1": 0.9752650176678446,
        "roc_auc": 0.9914910264560615,
        "pr_auc": 0.9937239802992993
      },
      "holdout_metrics": {
        "accuracy": 0.9664570230607966,
        "balanced_accuracy": 0.9607816472535919,
        "precision": 0.9952569169960475,
        "recall": 0.96771714066103,
        "f1": 0.9812938425565082,
        "roc_auc": 0.991902678413055,
        "pr_auc": 0.9992103653721176
      }
    },
    {
      "model_id": 2,
      "split_size": 1906,
      "split_benign": 952,
      "split_malware": 954,
      "train_size": 1620,
      "val_size": 286,
      "train_seconds": 0.23213208399999985,
      "val_best_threshold": 0.69,
      "val_metrics": {
        "accuracy": 0.972027972027972,
        "balanced_accuracy": 0.972027972027972,
        "precision": 0.972027972027972,
        "recall": 0.972027972027972,
        "f1": 0.972027972027972,
        "roc_auc": 0.9868942246564625,
        "pr_auc": 0.9846020464430439
      },
      "holdout_metrics": {
        "accuracy": 0.9657582110412299,
        "balanced_accuracy": 0.9742446638680305,
        "precision": 0.9984076433121019,
        "recall": 0.9638739431206764,
        "f1": 0.9808369182635901,
        "roc_auc": 0.992739312954532,
        "pr_auc": 0.9992944377212242
      }
    },
    {
      "model_id": 3,
      "split_size": 1906,
      "split_benign": 952,
      "split_malware": 954,
      "train_size": 1620,
      "val_size": 286,
      "train_seconds": 0.21672229000000698,
      "val_best_threshold": 0.9,
      "val_metrics": {
        "accuracy": 0.9755244755244755,
        "balanced_accuracy": 0.9755244755244755,
        "precision": 0.9857142857142858,
        "recall": 0.965034965034965,
        "f1": 0.9752650176678446,
        "roc_auc": 0.9943273509707077,
        "pr_auc": 0.9949731150925758
      },
      "holdout_metrics": {
        "accuracy": 0.9629629629629629,
        "balanced_accuracy": 0.9692455507597706,
        "precision": 0.9976076555023924,
        "recall": 0.9615680245964643,
        "f1": 0.9792563600782779,
        "roc_auc": 0.9919588482232602,
        "pr_auc": 0.9992222420619262
      }
    },
    {
      "model_id": 4,
      "split_size": 1906,
      "split_benign": 952,
      "split_malware": 954,
      "train_size": 1620,
      "val_size": 286,
      "train_seconds": 0.18559983000000102,
      "val_best_threshold": 0.5,
      "val_metrics": {
        "accuracy": 0.9755244755244755,
        "balanced_accuracy": 0.9755244755244755,
        "precision": 0.9857142857142858,
        "recall": 0.965034965034965,
        "f1": 0.9752650176678446,
        "roc_auc": 0.9967235561641156,
        "pr_auc": 0.9971024188286385
      },
      "holdout_metrics": {
        "accuracy": 0.9727463312368972,
        "balanced_accuracy": 0.9746260273162656,
        "precision": 0.9976340694006309,
        "recall": 0.9723289777094543,
        "f1": 0.9848189957181783,
        "roc_auc": 0.992349080588896,
        "pr_auc": 0.999254042474734
      }
    },
    {
      "model_id": 5,
      "split_size": 1906,
      "split_benign": 952,
      "split_malware": 954,
      "train_size": 1620,
      "val_size": 286,
      "train_seconds": 0.20937381300007019,
      "val_best_threshold": 0.84,
      "val_metrics": {
        "accuracy": 0.9755244755244755,
        "balanced_accuracy": 0.9755244755244755,
        "precision": 0.9927536231884058,
        "recall": 0.958041958041958,
        "f1": 0.9750889679715302,
        "roc_auc": 0.99158883074967,
        "pr_auc": 0.9935113507815224
      },
      "holdout_metrics": {
        "accuracy": 0.9657582110412299,
        "balanced_accuracy": 0.9777064979601491,
        "precision": 0.9992025518341308,
        "recall": 0.9631053036126057,
        "f1": 0.9808219178082191,
        "roc_auc": 0.9918405959912494,
        "pr_auc": 0.999215215989315
      }
    },
    {
      "model_id": 6,
      "split_size": 1906,
      "split_benign": 952,
      "split_malware": 954,
      "train_size": 1620,
      "val_size": 286,
      "train_seconds": 0.19010246199991343,
      "val_best_threshold": 0.64,
      "val_metrics": {
        "accuracy": 0.972027972027972,
        "balanced_accuracy": 0.9720279720279721,
        "precision": 0.9655172413793104,
        "recall": 0.9790209790209791,
        "f1": 0.9722222222222222,
        "roc_auc": 0.9928602865665803,
        "pr_auc": 0.9941695710737323
      },
      "holdout_metrics": {
        "accuracy": 0.9622641509433962,
        "balanced_accuracy": 0.9653993969136168,
        "precision": 0.9968127490039841,
        "recall": 0.9615680245964643,
        "f1": 0.9788732394366197,
        "roc_auc": 0.9921776148524803,
        "pr_auc": 0.9992382762163814
      }
    },
    {
      "model_id": 7,
      "split_size": 1906,
      "split_benign": 952,
      "split_malware": 954,
      "train_size": 1620,
      "val_size": 286,
      "train_seconds": 0.2042294079999465,
      "val_best_threshold": 0.9,
      "val_metrics": {
        "accuracy": 0.986013986013986,
        "balanced_accuracy": 0.986013986013986,
        "precision": 0.9929078014184397,
        "recall": 0.9790209790209791,
        "f1": 0.9859154929577465,
        "roc_auc": 0.9952564917599883,
        "pr_auc": 0.9969337928081768
      },
      "holdout_metrics": {
        "accuracy": 0.9580712788259959,
        "balanced_accuracy": 0.9596316442972861,
        "precision": 0.9960031974420464,
        "recall": 0.9577248270561107,
        "f1": 0.9764890282131662,
        "roc_auc": 0.9919677171406612,
        "pr_auc": 0.9992052774219378
      }
    },
    {
      "model_id": 8,